{"cameraMode":{"drawMode":0,"name":"Shaded","section":"Shading Mode"},"sceneLighting":false,"audioPlay":false,"sceneViewState":{"showFog":true,"showMaterialUpdate":false,"showSkybox":true,"showFlares":true,"showImageEffects":true,"showParticleSystems":true},"in2DMode":false,"pivot":{"x":-24.00201416015625,"y":4.9208984375,"z":18.0458984375},"rotation":{"x":0.3187638819217682,"y":-0.3733387589454651,"z":0.13835535943508149,"w":0.8601542115211487},"size":2.0236644744873049,"orthographic":true}